Workbook

Sheet Resumo
A1: COTAÇÃO 04/09/2026 — DROGARIA ROCHA — RESUMO
A3: Distribuidor | B3: Itens | C3: Valor total (R$)
A4: ePan | B4: =COUNTIF(Comparativo!M:M,"EPAN") | C4: 7512.27
A5: SB LOG | B5: =COUNTIF(Comparativo!M:M,"SB LOG") | C5: 2865.3
A6: Tapajós | B6: =COUNTIF(Comparativo!M:M,"TAPAJOS") | C6: 11563.09
A7: Nazária | B7: =COUNTIF(Comparativo!M:M,"NAZARIA") | C7: 12388.861
A8: Sem cotação | B8: =COUNTIF(Comparativo!M:M,"SEM COTAÇÃO")
A10: Pedidos OL (arquivos separados, sem cotação)
A11: ACHE | B11: 36
A12: BIOLAB RX | B12: 9
A13: HALEON - RX | B13: 22
A14: HEBRON RX | B14: 11
A15: HYPERA - ALL | B15: 54
A16: KLEY HERTZ | B16: 2
A17: MYRALIS | B17: 3
A18: NEO QUIMICA - GENERICO | B18: 2
A19: OPELLA | B19: 7
A20: RECKIT GERAL - ELIANE | B20: 1
A21: UNIAO QUIMICA (GENOM) RX | B21: 17
A23: Obs: valores 'Valor total' calculados sobre preço cotado × qtd na base de faturamento de cada distribuidor.

Sheet Comparativo
A1: Cód. interno | B1: EAN princ. | C1: Produto | D1: Un/Cx | E1: Caixas | F1: Un. compradas | G1: Últ. compra (un) | H1: Menor hist. (un) | I1: ePan (un) | J1: SB LOG (un) | K1: Tapajós (un) | L1: Nazária (un) | M1: Vencedor | N1: Preço venc. (un) | O1: Dif. vs últ. compra | P1: Status | Q1: Obs
A2: 674181 | B2: 7891317049225 | C2: 10BI IMUNE C/30CP-DEMAIS PROD | D2: 1 | E2: 1 | F2: 1 | G2: 125.7 | H2: 118.3 | J2: 156.4 | K2: 119.3 | L2: 141.168 | M2: TAPAJOS | N2: 119.3 | O2: =N2/G2-1 | P2: OK (≤ últ. compra)
A3: 274461 | B3: 7898040320973 | C3: ABRILAR 7MG XPE FR 100ML+CM | D3: 1 | E3: 3 | F3: 3 | G3: 42.64 | H3: 33.1775 | I3: 43.09 | J3: 41.9 | L3: 41.0305 | M3: NAZARIA | N3: 41.0305 | O3: =N3/G3-1 | P3: OK (≤ últ. compra)
A4: 25403 | B4: 7897211100482 | C4: ABS P/SEIOS AMAME DIA&NOITE C/24-DEMAIS PROD | D4: 1 | E4: 2 | F4: 2 | G4: 21.76 | H4: 17.955 | I4: 16.92 | M4: EPAN | N4: 16.92 | O4: =N4/G4-1 | P4: OK (≤ menor hist.)
A5: 621421 | B5: 3282770206050 | C5: ACTINE PROT SOLAR FPS60 COR 40G | D5: 1 | E5: 1 | F5: 1 | G5: 54.91 | H5: 54.91 | L5: 67.03 | M5: NAZARIA | N5: 67.03 | O5: =N5/G5-1 | P5: ACIMA +22.1% (vs últ. compra)
A6: 642771 | B6: 7892828001016 | C6: ADEFORTE ORAL 01 AMP | D6: 1 | E6: 2 | F6: 2 | G6: 24.86 | H6: 17.3474 | I6: 21.42 | J6: 22.7 | L6: 28 | M6: EPAN | N6: 21.42 | O6: =N6/G6-1 | P6: OK (≤ últ. compra)
A7: 884 | B7: 7892828002303 | C7: ADEFORTE TURBO USO ORAL 2AMP 3ML | D7: 1 | E7: 8 | F7: 8 | G7: 44.79 | H7: 30.3708 | L7: 44.79 | M7: NAZARIA | N7: 44.79 | O7: =N7/G7-1 | P7: OK (≤ últ. compra)
A8: 647221 | B8: 7896023705397 | C8: AGUA INGLESA 500ML | D8: 1 | E8: 4 | F8: 4 | G8: 22.12 | H8: 22.12 | L8: 25.83 | M8: NAZARIA | N8: 25.83 | O8: =N8/G8-1 | P8: ACIMA +16.8% (vs últ. compra)
A9: 367361 | B9: 7891721023965 | C9: ALGINAC 1,0+100,0+100,0MG CX 10 COMP REV LIB RETARD | D9: 1 | E9: 4 | F9: 4 | G9: 51.946667 | H9: 43.42 | J9: 51.1 | L9: 51.0968 | M9: NAZARIA | N9: 51.0968 | O9: =N9/G9-1 | P9: OK (≤ últ. compra)
A10: 367421 | B10: 7891721029646 | C10: ALGINAC 1,0+50,0+50,0MG CX 30 CP | D10: 1 | E10: 1 | F10: 1 | G10: 50.34 | H10: 45.91 | J10: 52.1 | L10: 52.0812 | M10: NAZARIA | N10: 52.0812 | O10: =N10/G10-1 | P10: ACIMA +3.5% (vs últ. compra)
A11: 71981 | B11: 7896676414639 | C11: ANA-FLEX 35+300+50MG CX 200 COMP | D11: 20 | E11: 1 | F11: 20 | G11: 4.9505 | H11: 4.9505 | M11: SEM COTAÇÃO
A12: 469661 | B12: 7891317013967 | C12: ANDOLBA 4,5%+0,5%+0,5% AER TOP TB 43G | D12: 1 | E12: 2 | F12: 2 | G12: 28.045 | H12: 28.04 | K12: 30.01 | M12: TAPAJOS | N12: 30.01 | O12: =N12/G12-1 | P12: ACIMA +7.0% (vs últ. compra)
A13: 364361 | B13: 7898040321420 | C13: ANNITA 20MG/ML PO SUS ORAL FR 45ML | D13: 1 | E13: 2 | F13: 2 | G13: 25.125 | H13: 21.8625 | I13: 25.13 | J13: 24.9 | K13: 24.6 | L13: 24.434 | M13: NAZARIA | N13: 24.434 | O13: =N13/G13-1 | P13: OK (≤ últ. compra)
A14: 131861 | B14: 7896094200227 | C14: ANSITEC 5MG CX 20 COMP | D14: 1 | E14: 1 | F14: 1 | G14: 27.07 | H14: 27.07 | M14: SEM COTAÇÃO
A15: 624171 | B15: 7899706195089 | C15: ANTHELIOS LRP AIRLIC FL FPS50 S/COR 40ML | D15: 1 | E15: 1 | F15: 1 | G15: 88.16 | H15: 88.16 | M15: SEM COTAÇÃO
A16: 618051 | B16: 7908615030098 | C16: ANTHELIOS LRP AIRLIC FPS70 2.0 40G+NECESSARIE | D16: 1 | E16: 1 | F16: 1 | G16: 75.475 | H16: 75.475 | M16: SEM COTAÇÃO
A17: 648861 | B17: 7908615038384 | C17: ANTHELIOS LRP AIRLIC+FLUIDO FPS50+EFFACL CONC 50G | D17: 1 | E17: 1 | F17: 1 | G17: 112.82 | H17: 112.82 | L17: 110.51 | M17: SEM COTAÇÃO | Q17: sem estoque na Nazária
A18: 666011 | B18: 7898639690586 | C18: APAR PRES DIG HOME GP200 G-TECH-DEMAIS PROD | D18: 1 | E18: 2 | F18: 2 | G18: 73.038333 | H18: 73.0383 | M18: SEM COTAÇÃO
A19: 149921 | B19: 7896261018181 | C19: APRESOLINA 25MG CX 20 DRG | D19: 1 | E19: 1 | F19: 1 | G19: 7.963125 | H19: 6.64 | K19: 7.43 | M19: TAPAJOS | N19: 7.43 | O19: =N19/G19-1 | P19: OK (≤ últ. compra)
A20: 619611 | B20: 7898636190720 | C20: ASEPXIA PO COMPA MARFIM 10G | D20: 1 | E20: 1 | F20: 1 | G20: 36.43 | H20: 36.43 | M20: SEM COTAÇÃO
A21: 13901 | B21: 7793640000143 | C21: ASPIRINA 500MG BL X 20 COMP | D21: 1 | E21: 4 | F21: 4 | G21: 13.25 | H21: 12.36 | J21: 13.5 | L21: 13.95 | M21: SB LOG | N21: 13.5 | O21: =N21/G21-1 | P21: ACIMA +1.9% (vs últ. compra)
A22: 13921 | B22: 7891106915175 | C22: ASPIRINA 500MG CX 100 COMP ACLAR | D22: 10 | E22: 1 | F22: 10 | G22: 8.422 | H22: 7.2447 | M22: SEM COTAÇÃO
A23: 13301 | B23: 7891106001946 | C23: ASPIRINA PREVENT 100MG CX 30 COMP REV | D23: 1 | E23: 1 | F23: 1 | G23: 17.626 | H23: 16.8067 | I23: 17.62 | L23: 18.68 | M23: EPAN | N23: 17.62 | O23: =N23/G23-1 | P23: OK (≤ últ. compra)
A24: 47321 | B24: 7891317412692 | C24: ASTRO 600MG CX 1FA+DIL | D24: 1 | E24: 2 | F24: 2 | G24: 38.26 | H24: 38.26 | J24: 43.3 | K24: 41.97 | L24: 42.8736 | M24: TAPAJOS | N24: 41.97 | O24: =N24/G24-1 | P24: ACIMA +9.7% (vs últ. compra)
A25: 594191 | B25: 7891317014162 | C25: ATAK CLAV 875+125MG CX 14 COMP REV | D25: 1 | E25: 1 | F25: 1 | G25: 66.99 | H25: 49.5083 | J25: 56.1 | K25: 54.33 | L25: 55.488 | M25: TAPAJOS | N25: 54.33 | O25: =N25/G25-1 | P25: OK (≤ últ. compra)
A26: 637931 | B26: 7898968453098 | C26: ATENSINA 0,100MG CX 30 COMP | D26: 1 | E26: 1 | F26: 1 | G26: 7.045 | H26: 7.045 | I26: 7.91 | L26: 8.01 | M26: NAZARIA | N26: 8.01 | O26: =N26/G26-1 | P26: ACIMA +13.7% (vs últ. compra) | Q26: sem estoque no ePan
A27: 582181 | B27: 7896026307826 | C27: ATROVENT 0,25MG/ML SOL INAL CT FR VD AMB X 20ML | D27: 1 | E27: 3 | F27: 3 | G27: 22.33 | H27: 19.266 | J27: 23 | K27: 22.33 | L27: 23.75 | M27: TAPAJOS | N27: 22.33 | O27: =N27/G27-1 | P27: OK (≤ últ. compra)
A28: 488841 | B28: 7891317010287 | C28: ATTENZE 10MG CX 30 COMP | D28: 1 | E28: 1 | F28: 1 | G28: 32.778333 | H28: 32.7783 | J28: 39.8 | L28: 39.3792 | M28: NAZARIA | N28: 39.3792 | O28: =N28/G28-1 | P28: ACIMA +20.1% (vs últ. compra)
A29: 15761 | B29: 5702191025637 | C29: AZELAN 150 MG/G GEL CT BG AL X 30 G | D29: 1 | E29: 3 | F29: 3 | G29: 67.24 | H29: 63.655 | I29: 67.5 | L29: 71.53 | M29: SEM COTAÇÃO | Q29: sem estoque na Nazária; sem estoque no ePan
A30: 364041 | B30: 7891317172749 | C30: AZOX 20MG/ML PO SUS OR FR 100ML+SER DOS | D30: 1 | E30: 1 | F30: 1 | G30: 46.74 | H30: 42.955 | K30: 46.74 | M30: TAPAJOS | N30: 46.74 | O30: =N30/G30-1 | P30: OK (≤ últ. compra)
A31: 645591 | B31: 7898040328603 | C31: BACTRIM F CX 10 COMP | D31: 1 | E31: 5 | F31: 5 | G31: 27.55 | H31: 24.63 | J31: 28 | K31: 27.55 | L31: 27.455 | M31: NAZARIA | N31: 27.455 | O31: =N31/G31-1 | P31: OK (≤ últ. compra)
A32: 339861 | B32: 7896004726793 | C32: BALSAMO BENGUE 0,10+0,50G AER FR 60G | D32: 1 | E32: 1 | F32: 1 | G32: 28.88 | H32: 25.51 | K32: 34.71 | L32: 36.93 | M32: TAPAJOS | N32: 34.71 | O32: =N32/G32-1 | P32: ACIMA +20.2% (vs últ. compra)
A33: 339821 | B33: 7896004817576 | C33: BALSAMO BENGUE GEL BG 20G | D33: 1 | E33: 2 | F33: 2 | G33: 19.96 | H33: 13.96 | K33: 19.96 | L33: 21.23 | M33: TAPAJOS | N33: 19.96 | O33: =N33/G33-1 | P33: OK (≤ últ. compra) | Q33: sem estoque na Nazária
A34: 596541 | B34: 7891317026554 | C34: BEDOZE 5MG/ML SOL INJ 2 AMP X 1ML | D34: 1 | E34: 1 | F34: 1 | G34: 32.8 | H34: 30.2 | I34: 32.8 | J34: 32.9 | K34: 31.9 | L34: 32.5824 | M34: TAPAJOS | N34: 31.9 | O34: =N34/G34-1 | P34: OK (≤ últ. compra)
A35: 114701 | B35: 7891010974923 | C35: BENALET 5+50+10MG PASTILHA CARTELA MEL/LIMAO C/ 4UN | D35: 13 | E35: 1 | F35: 13 | G35: 10.619115 | H35: 10.1792 | M35: SEM COTAÇÃO
A36: 497121 | B36: 7891268402025 | C36: BENALET 5+50+10MG PASTILHA SB MEL E LIMAO CX C/ 12UN | D36: 1 | E36: 2 | F36: 2 | G36: 9.5166667 | H36: 9.5166667 | M36: SEM COTAÇÃO
A37: 114681 | B37: 7891010974930 | C37: BENALET 5+50+10MG PASTILHA SB MENTA CX C/ 12UN | D37: 1 | E37: 1 | F37: 1 | G37: 24.88 | H37: 24.88 | M37: SEM COTAÇÃO
A38: 54421 | B38: 7897411611023 | C38: BENICAR ANLO 40+5MG CX 30 COMP REV | D38: 1 | E38: 3 | F38: 3 | G38: 76.89 | H38: 68.46 | I38: 76.89 | J38: 75.5 | L38: 77.87 | M38: SB LOG | N38: 75.5 | O38: =N38/G38-1 | P38: OK (≤ últ. compra)
A39: 588821 | B39: 7891106912167 | C39: BEPANTOL BABY 30+15G | D39: 1 | E39: 9 | F39: 9 | G39: 14.36 | H39: 12.9012 | J39: 12.7 | K39: 14.83 | L39: 19.44 | M39: SB LOG | N39: 12.7 | O39: =N39/G39-1 | P39: OK (≤ menor hist.)
A40: 550701 | B40: 7891106907286 | C40: BEPANTOL DERMA CR 20GR | D40: 1 | E40: 6 | F40: 6 | G40: 23.83 | H40: 23.4233 | I40: 25.64 | J40: 20.8 | K40: 23.83 | L40: 31.89 | M40: SB LOG | N40: 20.8 | O40: =N40/G40-1 | P40: OK (≤ menor hist.)
A41: 666671 | B41: 7891106914628 | C41: BEPANTOL DERMA REGENERADOR 200ML-DEMAIS PROD | D41: 1 | E41: 1 | F41: 1 | G41: 59.3 | H41: 59.3 | K41: 46.5 | M41: TAPAJOS | N41: 46.5 | O41: =N41/G41-1 | P41: OK (≤ menor hist.)
A42: 666661 | B42: 7891106916578 | C42: BEPANTOL DERMA ROSA MOSQUETA 20G-DEMAIS PROD | D42: 1 | E42: 1 | F42: 1 | G42: 23.165 | H42: 23.165 | I42: 0 | K42: 26.1 | L42: 30.31 | M42: EPAN | N42: 0 | O42: =N42/G42-1 | P42: OK (≤ menor hist.)
A43: 632681 | B43: 7891106913522 | C43: BEPANTOL DERMA TOQUE SECO CR 30G | D43: 1 | E43: 2 | F43: 2 | G43: 30.24 | H43: 28.6 | I43: 27.71 | J43: 26.4 | K43: 29.06 | L43: 38.51 | M43: SB LOG | N43: 26.4 | O43: =N43/G43-1 | P43: OK (≤ menor hist.)
A44: 666701 | B44: 7891106916288 | C44: BEPANTOL LENCOS UMED BIO 48UN-DEMAIS PROD | D44: 1 | E44: 1 | F44: 1 | G44: 15.26 | H44: 13.89 | M44: SEM COTAÇÃO
A45: 82401 | B45: 7896026171182 | C45: BESEROL 300+125+50+30MG CX 12 COMP | D45: 1 | E45: 1 | F45: 1 | G45: 18.316667 | H45: 11.71 | I45: 14.43 | L45: 19.85 | M45: EPAN | N45: 14.43 | O45: =N45/G45-1 | P45: OK (≤ últ. compra) | Q45: sem estoque na Nazária
A46: 254101 | B46: 7891317103323 | C46: BETATRINTA 5+2MG/ML SUS INJ AMP X 1ML+SER SIST | D46: 1 | E46: 28 | F46: 28 | G46: 22.91 | H46: 20.871 | J46: 23.6 | K46: 22.91 | L46: 23.3952 | M46: TAPAJOS | N46: 22.91 | O46: =N46/G46-1 | P46: OK (≤ últ. compra)
A47: 128081 | B47: 7891317478964 | C47: BETINA 24MG CX 30 COMP | D47: 1 | E47: 2 | F47: 2 | G47: 29.58 | H47: 26.87 | I47: 29.58 | J47: 29.7 | K47: 28.76 | L47: 29.376 | M47: TAPAJOS | N47: 28.76 | O47: =N47/G47-1 | P47: OK (≤ últ. compra)
A48: 550721 | B48: 7891317001964 | C48: BICERTO 150MG CX 10 COMP LIB PROL | D48: 1 | E48: 3 | F48: 3 | G48: 41.2 | H48: 36.52 | J48: 41.4 | K48: 40.07 | L48: 40.9344 | M48: TAPAJOS | N48: 40.07 | O48: =N48/G48-1 | P48: OK (≤ últ. compra)
A49: 48321 | B49: 7898100268290 | C49: BIOVICERIN END/ML SUS OR 2 FLAC X 5ML | D49: 1 | E49: 4 | F49: 4 | G49: 11.36 | H49: 8.5333 | I49: 9.65 | L49: 12.55 | M49: EPAN | N49: 9.65 | O49: =N49/G49-1 | P49: OK (≤ últ. compra)
A50: 457961 | B50: 7896004810140 | C50: BISMU-JET SOL FR GTS 20ML | D50: 1 | E50: 1 | F50: 1 | G50: 16.56 | H50: 14.3 | K50: 16.56 | L50: 33.03 | M50: TAPAJOS | N50: 16.56 | O50: =N50/G50-1 | P50: OK (≤ últ. compra)
A51: 584301 | B51: 4987188568729 | C51: BYE BYE FEVER PARA CRIANCAS C/2UN(HSM) | D51: 1 | E51: 4 | F51: 4 | G51: 11.07 | H51: 8.99 | I51: 9.58 | L51: 11.53 | M51: EPAN | N51: 9.58 | O51: =N51/G51-1 | P51: OK (≤ últ. compra)
A52: 606351 | B52: 7896004780078 | C52: CALADRYL POS SOL CR 28G | D52: 1 | E52: 1 | F52: 1 | G52: 18.74 | H52: 14.1583 | I52: 21.21 | L52: 23.27 | M52: EPAN | N52: 21.21 | O52: =N52/G52-1 | P52: ACIMA +13.2% (vs últ. compra)
A53: 603911 | B53: 7896004780061 | C53: CALADRYL POS SOL LOC 100ML | D53: 1 | E53: 1 | F53: 1 | G53: 30.52 | H53: 16.4217 | I53: 24.13 | L53: 30.52 | M53: SEM COTAÇÃO | Q53: sem estoque na Nazária; sem estoque no ePan
A54: 600551 | B54: 7898040329761 | C54: CALCITRAN B12 SUSP FR 150ML | D54: 1 | E54: 1 | F54: 1 | G54: 34.35 | H54: 31.035 | J54: 40.3 | K54: 35.48 | L54: 34.89 | M54: NAZARIA | N54: 34.89 | O54: =N54/G54-1 | P54: ACIMA +1.6% (vs últ. compra)
A55: 539701 | B55: 7898414850891 | C55: CALCITRAN D3 CX 30 COMP | D55: 1 | E55: 1 | F55: 1 | G55: 36.48 | H55: 30.8 | I55: 36.55 | J55: 39.5 | K55: 37.66 | L55: 40.8 | M55: EPAN | N55: 36.55 | O55: =N55/G55-1 | P55: ACIMA +0.2% (vs últ. compra)
A56: 210221 | B56: 7896261013490 | C56: CATAFLAM 50MG CX 10 DRG | D56: 1 | E56: 4 | F56: 4 | G56: 17.03 | H56: 16.38 | I56: 17.03 | J56: 20.9 | K56: 20.27 | L56: 20.9035 | M56: EPAN | N56: 17.03 | O56: =N56/G56-1 | P56: OK (≤ últ. compra)
A57: 653981 | B57: 7500435231510 | C57: CEBION EFV 1G C/10 COMP-DEMAIS PROD | D57: 1 | E57: 1 | F57: 1 | G57: 14.32 | H57: 10.775 | I57: 12.03 | L57: 13.1652 | M57: EPAN | N57: 12.03 | O57: =N57/G57-1 | P57: OK (≤ últ. compra)
A58: 636021 | B58: 7899706192057 | C58: CERAVE CR OLHOS 15G | D58: 1 | E58: 1 | F58: 1 | G58: 87.33 | H58: 87.33 | I58: 78.96 | L58: 107.56 | M58: EPAN | N58: 78.96 | O58: =N58/G58-1 | P58: OK (≤ menor hist.)
A59: 669751 | B59: 7899706159197 | C59: CERAVE CREME HIDRATANTE 454G-DEMAIS PROD | D59: 1 | E59: 1 | F59: 1 | G59: 93.34 | H59: 88.85 | L59: 108.19 | M59: NAZARIA | N59: 108.19 | O59: =N59/G59-1 | P59: ACIMA +15.9% (vs últ. compra)
A60: 631111 | B60: 7899706172707 | C60: CERAVE GEL LIMPEZA 60G | D60: 1 | E60: 1 | F60: 1 | G60: 36.69 | H60: 36.69 | L60: 42.81 | M60: SEM COTAÇÃO | Q60: sem estoque na Nazária
A61: 653331 | B61: 7908615086309 | C61: CERAVE LOCAO HIDRATANTE 340ML-DEMAIS PROD | D61: 1 | E61: 6 | F61: 6 | G61: 78.96 | H61: 66.325 | I61: 69.48 | L61: 84.4608 | M61: EPAN | N61: 69.48 | O61: =N61/G61-1 | P61: OK (≤ últ. compra)
A62: 637261 | B62: 7899706159272 | C62: CERAVE LOCAO HIDRATANTE 473ML-DEMAIS PROD | D62: 1 | E62: 2 | F62: 2 | G62: 103.71 | H62: 89.84 | L62: 108.19 | M62: NAZARIA | N62: 108.19 | O62: =N62/G62-1 | P62: ACIMA +4.3% (vs últ. compra)
A63: 624291 | B63: 7899706211178 | C63: CERAVE SA GEL DE LIMPEZA RENOVA 150G | D63: 1 | E63: 3 | F63: 3 | G63: 65.59 | H63: 65.59 | I63: 53.04 | L63: 70.08 | M63: EPAN | N63: 53.04 | O63: =N63/G63-1 | P63: OK (≤ menor hist.) | Q63: sem estoque na Nazária
A64: 654251 | B64: 7897337716215 | C64: CERAZETTE 75MCG 28CPR | D64: 1 | E64: 6 | F64: 6 | G64: 37.81 | H64: 35.07 | I64: 37.81 | L64: 46.93 | M64: EPAN | N64: 37.81 | O64: =N64/G64-1 | P64: OK (≤ últ. compra)
A65: 293601 | B65: 7896548140284 | C65: CERUMIN 0,4+140MG SOL OTO FR GTS 8ML | D65: 1 | E65: 11 | F65: 11 | G65: 21.23 | H65: 13.7043 | I65: 22.54 | K65: 21.23 | L65: 21.9123 | M65: TAPAJOS | N65: 21.23 | O65: =N65/G65-1 | P65: OK (≤ últ. compra)
A66: 383 | B66: 7897930777743 | C66: CETAPHIL LOC HIDRATANTE 473ML | D66: 1 | E66: 2 | F66: 2 | G66: 102.75 | H66: 85.77 | I66: 85.77 | L66: 113.9 | M66: EPAN | N66: 85.77 | O66: =N66/G66-1 | P66: OK (≤ menor hist.)
A67: 963 | B67: 7908615000169 | C67: CICAPLAST B5 PLUS 20ML-DEMAIS PROD | D67: 1 | E67: 3 | F67: 3 | G67: 44.74 | H67: 35.88 | I67: 39.44 | L67: 44.8032 | M67: EPAN | N67: 39.44 | O67: =N67/G67-1 | P67: OK (≤ últ. compra)
A68: 628631 | B68: 7898636191802 | C68: CICATRICURE AGUA MICELAR 380ML | D68: 1 | E68: 1 | F68: 1 | G68: 28.13 | H68: 28.13 | L68: 30.76 | M68: SEM COTAÇÃO | Q68: sem estoque na Nazária
A69: 594261 | B69: 7898949409625 | C69: CICATRICURE GEL CICATRIZ/ESTRIAS 30G | D69: 1 | E69: 1 | F69: 1 | G69: 24.85 | H69: 16.73 | I69: 23.82 | L69: 30.28 | M69: EPAN | N69: 23.82 | O69: =N69/G69-1 | P69: OK (≤ últ. compra)
A70: 161441 | B70: 7896548113479 | C70: CLARIL 0,25+3MG SOL FR OFT GTS 15ML | D70: 1 | E70: 1 | F70: 1 | G70: 21.37 | H70: 18.9119 | I70: 21.37 | J70: 23.5 | K70: 22.74 | L70: 22.4967 | M70: EPAN | N70: 21.37 | O70: =N70/G70-1 | P70: OK (≤ últ. compra)
A71: 135661 | B71: 7891158106965 | C71: COBAVITAL 1+4MG 16 COMP | D71: 1 | E71: 5 | F71: 5 | G71: 21.67 | H71: 18.21 | J71: 22.4 | K71: 21.67 | L71: 23.04 | M71: TAPAJOS | N71: 21.67 | O71: =N71/G71-1 | P71: OK (≤ últ. compra)
A72: 661331 | B72: 7891158106897 | C72: COBAVITAL 30CPR | D72: 1 | E72: 1 | F72: 1 | G72: 34.36 | H72: 26.64 | J72: 35.5 | K72: 34.36 | L72: 36.55 | M72: TAPAJOS | N72: 34.36 | O72: =N72/G72-1 | P72: OK (≤ últ. compra)
A73: 674291 | B73: 7896637035736 | C73: COBI-12 1000MCG C/30 COMP SUBL-OUTROS | D73: 1 | E73: 14 | F73: 14 | G73: 22.805 | H73: 18.8279 | I73: 22.81 | J73: 25.6 | L73: 26.44 | M73: EPAN | N73: 22.81 | O73: =N73/G73-1 | P73: ACIMA +0.0% (vs últ. compra)
A74: 399321 | B74: 7899420506918 | C74: COD PAR 500+30MG CX 12 COMP | D74: 1 | E74: 1 | F74: 1 | G74: 23.005 | H74: 23.005 | L74: 25.4784 | M74: NAZARIA | N74: 25.4784 | O74: =N74/G74-1 | P74: ACIMA +10.8% (vs últ. compra)
A75: 515861 | B75: 7896676438062 | C75: CODEIN 30MG CX 12 COMP | D75: 1 | E75: 1 | F75: 1 | G75: 16.785 | H75: 16.785 | M75: SEM COTAÇÃO
A76: 114941 | B76: 7899824400928 | C76: COLPIST MT 62,5+1,25MG/G+25000UI/G CREM BG 40G+10APLIC | D76: 1 | E76: 2 | F76: 2 | G76: 45.99 | H76: 35.9767 | I76: 35.98 | L76: 37.468 | M76: EPAN | N76: 35.98 | O76: =N76/G76-1 | P76: OK (≤ últ. compra)
A77: 666021 | B77: 7891317033149 | C77: COLTRAX 4MG CX 20 COMP | D77: 1 | E77: 1 | F77: 1 | G77: 50.695 | H77: 50.695 | I77: 52.7 | M77: SEM COTAÇÃO | Q77: sem estoque no ePan
A78: 6561 | B78: 7894916502900 | C78: CONTRACEP SUS INJ 1 FA X 1ML | D78: 1 | E78: 8 | F78: 8 | G78: 23.69 | H78: 22.9 | J78: 24.7 | K78: 23.94 | L78: 24.4512 | M78: TAPAJOS | N78: 23.94 | O78: =N78/G78-1 | P78: ACIMA +1.1% (vs últ. compra)
A79: 90721 | B79: 7891317137557 | C79: COQUES 200MG CX 10 CAP | D79: 1 | E79: 1 | F79: 1 | G79: 34.79 | H79: 30.618 | I79: 34.79 | J79: 34.9 | K79: 33.84 | L79: 34.5504 | M79: TAPAJOS | N79: 33.84 | O79: =N79/G79-1 | P79: OK (≤ últ. compra)
A80: 550761 | B80: 7896015592707 | C80: COREGA PO UNITARIO 22G - MENTA (FRAÇÃO) | D80: 3 | E80: 1 | F80: 3 | G80: 15.577333 | H80: 6.52 | M80: SEM COTAÇÃO
A81: 594521 | B81: 0000042360407 | C81: CR FACIAL NIVEA NUTRITIVO 100G | D81: 1 | E81: 2 | F81: 2 | G81: 23.392 | H81: 20.9117 | L81: 29.99 | M81: NAZARIA | N81: 29.99 | O81: =N81/G81-1 | P81: ACIMA +28.2% (vs últ. compra)
A82: 556501 | B82: 42277217 | C82: CR NIVEA 29G | D82: 1 | E82: 2 | F82: 2 | G82: 14.24 | H82: 8.8333 | I82: 11.57 | L82: 15.32 | M82: EPAN | N82: 11.57 | O82: =N82/G82-1 | P82: OK (≤ últ. compra)
A83: 576481 | B83: 4005808890590 | C83: CR NIVEA SOFT HIDRAT.97G | D83: 1 | E83: 3 | F83: 3 | G83: 29.808333 | H83: 29.8083 | L83: 34.14 | M83: NAZARIA | N83: 34.14 | O83: =N83/G83-1 | P83: ACIMA +14.5% (vs últ. compra)
A84: 666311 | B84: 070341368732 | C84: CREME HIDRATANTE 5% MANTEIGA DE KARITE + 5% GLICERINA + 2% NIACINAMIDA PRINCIPIA SKINCARE CH-01 COM | D84: 1 | E84: 1 | F84: 1 | G84: 27.3 | H84: 27.3 | L84: 32.51 | M84: NAZARIA | N84: 32.51 | O84: =N84/G84-1 | P84: ACIMA +19.1% (vs últ. compra)
A85: 413841 | B85: 7896070600249 | C85: CREMEFENERGAN 20MG/G CREM DERM BG 30G | D85: 1 | E85: 1 | F85: 1 | G85: 19.073333 | H85: 19.0733 | M85: SEM COTAÇÃO
A86: 463461 | B86: 7891317136468 | C86: CREVAGIN 30+20MG CREM VAG BG X 40G +7APLIC | D86: 1 | E86: 3 | F86: 3 | G86: 38.8 | H86: 35.79 | K86: 38.8 | L86: 39.6288 | M86: TAPAJOS | N86: 38.8 | O86: =N86/G86-1 | P86: OK (≤ últ. compra)
A87: 198541 | B87: 7897316801390 | C87: CROMOLERG 2% SOL OCUL FR 5ML | D87: 1 | E87: 1 | F87: 1 | G87: 11.563333 | H87: 11.5633 | J87: 12.5 | L87: 11.822 | M87: NAZARIA | N87: 11.822 | O87: =N87/G87-1 | P87: ACIMA +2.2% (vs últ. compra)
A88: 605281 | B88: 7893454714783 | C88: CULTURELLE PROBIOTICO CX 30 SACHES | D88: 1 | E88: 1 | F88: 1 | G88: 181.57 | H88: 181.57 | M88: SEM COTAÇÃO
A89: 626861 | B89: 7893454714776 | C89: CULTURELLE PROBIOTICO CX 6 SACHES | D89: 1 | E89: 1 | F89: 1 | G89: 42.06 | H89: 42.06 | M89: SEM COTAÇÃO
A90: 651401 | B90: 7896676440508 | C90: CUTISANOL BABY CREME 45G-DEMAIS PROD | D90: 1 | E90: 1 | F90: 1 | G90: 11.58 | H90: 11.58 | L90: 17.10945 | M90: SEM COTAÇÃO | Q90: sem estoque na Nazária
A91: 605211 | B91: 7896316101424 | C91: CYCLOFEMINA 25MG+5MG/0,5ML SUS INJ 1 AMP X 0,5ML | D91: 1 | E91: 5 | F91: 5 | G91: 27.972143 | H91: 27.9721 | I91: 31.16 | L91: 34.07 | M91: SEM COTAÇÃO | Q91: sem estoque na Nazária; sem estoque no ePan
A92: 347821 | B92: 7896212479825 | C92: DAKTARIN GEL ORAL 20MG/G GEL ORAL BG 40G | D92: 1 | E92: 1 | F92: 1 | G92: 35.785 | H92: 35.785 | M92: SEM COTAÇÃO
A93: 238741 | B93: 7894916509831 | C93: DALYNE 3+0,03MG CAIXA C/ 3 CARTELAS | D93: 1 | E93: 1 | F93: 1 | G93: 31.476667 | H93: 31.476667 | L93: 91.824 | M93: NAZARIA | N93: 91.824 | O93: =N93/G93-1 | P93: ACIMA +191.7% (vs últ. compra)
A94: 6581 | B94: 7891268101799 | C94: DEPO PROVERA 150MG SUS INJ 1FA X 1ML | D94: 1 | E94: 3 | F94: 3 | G94: 36.87 | H94: 33.56 | I94: 36.87 | L94: 37.35 | M94: EPAN | N94: 36.87 | O94: =N94/G94-1 | P94: OK (≤ últ. compra)
A95: 603851 | B95: 7891058003661 | C95: DERMACYD SAB LIQ BREE 200ML | D95: 1 | E95: 3 | F95: 3 | G95: 18.92 | H95: 17.14 | I95: 19.95 | M95: EPAN | N95: 19.95 | O95: =N95/G95-1 | P95: ACIMA +5.4% (vs últ. compra)
A96: 623211 | B96: 7899706126335 | C96: DERMO EXP AGUA MICELAR 200ML | D96: 1 | E96: 1 | F96: 1 | G96: 21.97 | H96: 18.7783 | I96: 20.36 | L96: 21.6125 | M96: EPAN | N96: 20.36 | O96: =N96/G96-1 | P96: OK (≤ últ. compra)
A97: 553521 | B97: 7898087340040 | C97: DERSANI ORIGINAL LOC OLEOSA 100ML | D97: 1 | E97: 1 | F97: 1 | G97: 41.44 | H97: 32.02 | L97: 49.03 | M97: NAZARIA | N97: 49.03 | O97: =N97/G97-1 | P97: ACIMA +18.3% (vs últ. compra)
A98: 359561 | B98: 7891106006132 | C98: DESCONTINUADO - PROTOVIT PLUS SOL ORAL FR GTS 20ML | D98: 1 | E98: 2 | F98: 2 | G98: 12.844375 | H98: 12.844375 | M98: SEM COTAÇÃO
A99: 41803 | B99: 07891721024481 | C99: DEXA-CITONEURIN NFF C/3APX1ML (PGO) | D99: 1 | E99: 3 | F99: 3 | G99: 37.23 | H99: 33.1125 | K99: 38.07 | L99: 38.0604 | M99: NAZARIA | N99: 38.0604 | O99: =N99/G99-1 | P99: ACIMA +2.2% (vs últ. compra)
A100: 578141 | B100: 7899824400942 | C100: DEXADOR 5000MCG/ML SOL INJ 3AMP X 2ML+3AMP X 1ML | D100: 1 | E100: 1 | F100: 1 | G100: 37.6 | H100: 33.77 | I100: 37.6 | L100: 37.3635 | M100: NAZARIA | N100: 37.3635 | O100: =N100/G100-1 | P100: OK (≤ últ. compra)
...

Sheet Sem_Cotacao
A1: Cód. interno | B1: EAN princ. | C1: Produto | D1: Un/Cx | E1: Caixas | F1: Un. compradas | G1: Menor hist. (un) | H1: Motivo
A2: 71981 | B2: 7896676414639 | C2: ANA-FLEX 35+300+50MG CX 200 COMP | D2: 20 | E2: 1 | F2: 20 | G2: 4.9505 | H2: nenhum distribuidor cotou
A3: 131861 | B3: 7896094200227 | C3: ANSITEC 5MG CX 20 COMP | D3: 1 | E3: 1 | F3: 1 | G3: 27.07 | H3: nenhum distribuidor cotou
A4: 624171 | B4: 7899706195089 | C4: ANTHELIOS LRP AIRLIC FL FPS50 S/COR 40ML | D4: 1 | E4: 1 | F4: 1 | G4: 88.16 | H4: nenhum distribuidor cotou
A5: 618051 | B5: 7908615030098 | C5: ANTHELIOS LRP AIRLIC FPS70 2.0 40G+NECESSARIE | D5: 1 | E5: 1 | F5: 1 | G5: 75.475 | H5: nenhum distribuidor cotou
A6: 648861 | B6: 7908615038384 | C6: ANTHELIOS LRP AIRLIC+FLUIDO FPS50+EFFACL CONC 50G | D6: 1 | E6: 1 | F6: 1 | G6: 112.82 | H6: sem estoque na Nazária
A7: 666011 | B7: 7898639690586 | C7: APAR PRES DIG HOME GP200 G-TECH-DEMAIS PROD | D7: 1 | E7: 2 | F7: 2 | G7: 73.0383 | H7: nenhum distribuidor cotou
A8: 619611 | B8: 7898636190720 | C8: ASEPXIA PO COMPA MARFIM 10G | D8: 1 | E8: 1 | F8: 1 | G8: 36.43 | H8: nenhum distribuidor cotou
A9: 13921 | B9: 7891106915175 | C9: ASPIRINA 500MG CX 100 COMP ACLAR | D9: 10 | E9: 1 | F9: 10 | G9: 7.2447 | H9: nenhum distribuidor cotou
A10: 15761 | B10: 5702191025637 | C10: AZELAN 150 MG/G GEL CT BG AL X 30 G | D10: 1 | E10: 3 | F10: 3 | G10: 63.655 | H10: sem estoque no ePan; sem estoque na Nazária
A11: 114701 | B11: 7891010974923 | C11: BENALET 5+50+10MG PASTILHA CARTELA MEL/LIMAO C/ 4UN | D11: 13 | E11: 1 | F11: 13 | G11: 10.1792 | H11: nenhum distribuidor cotou
A12: 497121 | B12: 7891268402025 | C12: BENALET 5+50+10MG PASTILHA SB MEL E LIMAO CX C/ 12UN | D12: 1 | E12: 2 | F12: 2 | G12: 9.5166667 | H12: nenhum distribuidor cotou
A13: 114681 | B13: 7891010974930 | C13: BENALET 5+50+10MG PASTILHA SB MENTA CX C/ 12UN | D13: 1 | E13: 1 | F13: 1 | G13: 24.88 | H13: nenhum distribuidor cotou
... A31: 666711 | B31: 7891317042202 | C31: DOZI 1000MCG C/30 COMP SUB-OUTROS | D31: 1 | E31: 1 | F31: 1 | G31: 44.048 | H31: sem estoque no ePan
A32: 669071 | C32: DRAMIN CAPS GEL (CARTELADO) PV | D32: 1 | E32: 1 | F32: 1 | H32: nenhum distribuidor cotou
A33: 655311 | B33: 7891317027179 | C33: DUALGI 200MG+500MG 12CPR | D33: 1 | E33: 2 | F33: 2 | G33: 23.93 | H33: sem estoque no ePan; sem estoque na Nazária
A34: 658021 | B34: 4005900995520 | C34: EUCERIN HYDRO FLUID SUN FPS60 50ML | D34: 1 | E34: 1 | F34: 1 | G34: 75.47 | H34: sem estoque na Nazária
A35: 626071 | B35: 7896023756849 | C35: FIGATIL 10ML FLACONETE | D35: 48 | E35: 1 | F35: 48 | G35: 1.1388 | H35: nenhum distribuidor cotou
A36: 652451 | C36: FLOGORAL CARTELA 4 PAST SB LARANJA | D36: 3 | E36: 3 | F36: 9 | H36: nenhum distribuidor cotou
A37: 638781 | B37: 040141785435 | C37: FORTMAGRI 1500MG 60 CPS (BERBERINA+FENO+MOROSIL+CROMO) | D37: 1 | E37: 1 | F37: 1 | G37: 79.9 | H37: nenhum distribuidor cotou
A38: 622611 | B38: 5000456070423 | C38: FORXIGA 10MG CX 30 COMP | D38: 1 | E38: 2 | F38: 2 | G38: 164.855 | H38: nenhum distribuidor cotou
A39: 595291 | B39: 7898495609289 | C39: GROW CALCIO 150ML + SER DOS | D39: 1 | E39: 1 | F39: 1 | G39: 59.83 | H39: nenhum distribuidor cotou
A40: 627211 | B40: 7908020501435 | C40: GROW D 10ML-DEMAIS PROD | D40: 1 | E40: 1 | F40: 1 | G40: 39.47 | H40: sem estoque na Nazária
A41: 559601 | B41: 7898495609326 | C41: GROW VIT BB C/20ML (CFE) | D41: 1 | E41: 1 | F41: 1 | G41: 37.1 | H41: sem estoque na Nazária
A42: 619571 | B42: 4005900163875 | C42: HIDRAT NIVEA ANTIC PERNAS RENOV 400ML NIVE %DN:2.00 | D42: 1 | E42: 1 | F42: 1 | G42: 35.4725 | H42: nenhum distribuidor cotou
A43: 153101 | B43: 7896212478750 | C43: IMOSEC 2MG CX 12 COMP | D43: 1 | E43: 25 | F43: 25 | G43: 8.3991 | H43: nenhum distribuidor cotou
A44: 594881 | B44: 7898639690975 | C44: INALADOR NEBULIZADOR COMPACT DC1 G-TECH | D44: 1 | E44: 1 | F44: 1 | G44: 90.756 | H44: nenhum distribuidor cotou
A45: 570201 | B45: 7896004762098 | C45: LACDAY 8CPR MAST | D45: 1 | E45: 2 | F45: 2 | G45: 16.73 | H45: sem estoque na Nazária
A46: 1183 | B46: 7898639691965 | C46: LANCETAS PARA LANCETADOR 30G C/50 UND | D46: 1 | E46: 1 | F46: 1 | G46: 2.84 | H46: nenhum distribuidor cotou
A47: 655561 | B47: 7891317029869 | C47: LARC 500MG C/14 COMP-SIMILAR | D47: 1 | E47: 1 | F47: 1 | G47: 33.36 | H47: sem estoque na Nazária
A48: 623531 | B48: 3337875803786 | C48: LIPIKAR BAUME LIGHT AP+M 400ML-DEMAIS PROD | D48: 1 | E48: 1 | F48: 1 | G48: 162.55 | H48: sem estoque na Nazária
... A65: 611031 | B65: 4015630064205 | C65: N ACCU-CHEK ACTIVE 10TIRAS ROCH %DN:0.00 | D65: 1 | E65: 1 | F65: 1 | G65: 29.16 | H65: sem estoque na Nazária
A66: 579461 | C66: NALDECON MULTI 800+20MG CARTELA C/ 4 CP | D66: 10 | E66: 1 | F66: 10 | G66: 6.8011 | H66: nenhum distribuidor cotou
A67: 16441 | B67: 7894916500425 | C67: NEUTROFER FOLICO 150MG FR 30 COMP | D67: 1 | E67: 1 | F67: 1 | G67: 34.355 | H67: sem estoque no ePan; sem estoque na Nazária
A68: 652651 | B68: 4005900929679 | C68: NIVEA VISAGE CELLULLAR LIFT EXPERT DIA SPF 30 50GRS | D68: 1 | E68: 1 | F68: 1 | G68: 50.02 | H68: nenhum distribuidor cotou
A69: 588811 | B69: 7898581710547 | C69: NORIPURUM 100MG CX 30 COMP MAST | D69: 1 | E69: 5 | F69: 5 | G69: 52.5033 | H69: sem estoque no ePan; sem estoque na Nazária
A70: 601521 | B70: 7898581710615 | C70: NORIPURUM ENDOV INJ 5 AMP X 5ML | D70: 1 | E70: 1 | F70: 1 | G70: 68.31 | H70: sem estoque no ePan; sem estoque na Nazária
A71: TOTAL GERAL | D71: 1152 | E71: 2072 | F71: 3234 | H71: nenhum distribuidor cotou
A72: 565041 | B72: 78900813 | C72: PASTILHAS VALDA CLASSIC 24G | D72: 12 | E72: 1 | F72: 12 | G72: 4.6233 | H72: nenhum distribuidor cotou
A73: 652011 | B73: 7891158106460 | C73: PEDIALYTE MAX COCO 500ML | D73: 1 | E73: 2 | F73: 2 | G73: 20.09 | H73: sem estoque no ePan
A74: 17603 | B74: 7896026172356 | C74: PENETRO SPRAY 50ML | D74: 1 | E74: 1 | F74: 1 | G74: 33.915 | H74: sem estoque na Nazária
A75: 255821 | B75: 7891317004163 | C75: PRENI 11MG/ML SOL OR FR GOT 20ML | D75: 1 | E75: 1 | F75: 1 | G75: 27.63 | H75: sem estoque no ePan
A76: 408261 | B76: 7891317004095 | C76: PRENI 20MG CX 10 COMP | D76: 1 | E76: 1 | F76: 1 | G76: 19.31 | H76: sem estoque no ePan
A77: 613011 | B77: 7891317476410 | C77: PRENI 3MG/ML SOL OR FR 120ML+SER DOS | D77: 1 | E77: 1 | F77: 1 | G77: 38.63 | H77: nenhum distribuidor cotou
A78: 256001 | B78: 7891317004217 | C78: PRENI 3MG/ML SOL OR FR 60ML+SER DOS | D78: 1 | E78: 1 | F78: 1 | G78: 18.91 | H78: sem estoque no ePan
A79: 563381 | B79: 7891106914048 | C79: PRIMOGYNA 2MG CX 28 DRG | D79: 1 | E79: 1 | F79: 1 | G79: 78.16 | H79: nenhum distribuidor cotou
A80: 641821 | B80: 7897732609464 | C80: PROPZINCO SPR MENTA 30ML | D80: 1 | E80: 2 | F80: 2 | G80: 7.55 | H80: sem estoque na Nazária
A81: 623561 | B81: 4005900921574 | C81: PROT LABIAL COLOR VERMELHO 4,8G-DEMAIS PROD | D81: 1 | E81: 1 | F81: 1 | G81: 21.13 | H81: nenhum distribuidor cotou
A82: 320961 | B82: 7897595903365 | C82: PURAN T4 88MCG CX 30 COMP | D82: 1 | E82: 5 | F82: 5 | G82: 16.105 | H82: sem estoque no ePan; sem estoque na Nazária
A83: 594241 | B83: 7898636191079 | C83: PV - ASEPXIA SAB LIQ ESFOLIANTE 100ML | D83: 1 | E83: 1 | F83: 1 | G83: 21.375 | H83: nenhum distribuidor cotou
... A89: 633741 | B89: 7896112403227 | C89: PV BETA GLUCANA DE LEVEDURA CX 3 CAP | D89: 1 | E89: 1 | F89: 1 | G89: 38.534167 | H89: nenhum distribuidor cotou
A90: 623231 | B90: 7899706197106 | C90: PV DERMO REVITALIFT HIALU GEL PREENCH 50ML | D90: 1 | E90: 1 | F90: 1 | H90: nenhum distribuidor cotou
A91: 652031 | B91: 7896094211438 | C91: PV UMIDITA CALM CR 45G | D91: 1 | E91: 1 | F91: 1 | G91: 44.53 | H91: nenhum distribuidor cotou
A92: 514881 | B92: 7891317010478 | C92: PVV - EBASTEL 10MG CX 30 COMP REV | D92: 1 | E92: 1 | F92: 1 | G92: 51.51 | H92: nenhum distribuidor cotou
A93: 485721 | B93: 7908020502722 | C93: PYVERM 100MG CX 6 COMP REV | D93: 1 | E93: 1 | F93: 1 | G93: 24.08 | H93: nenhum distribuidor cotou
A94: 658161 | B94: 7898638348730 | C94: Q+VITTA AZ 500MG 60CP | D94: 1 | E94: 1 | F94: 1 | G94: 13.59 | H94: nenhum distribuidor cotou
A95: 657991 | B95: 7898638348747 | C95: Q+VITTA AZ HOMEM 500MG 60CPS | D95: 1 | E95: 2 | F95: 2 | G95: 14.986667 | H95: nenhum distribuidor cotou
A96: 650281 | B96: 7898638348754 | C96: Q+VITTA AZ MULHER 500MG 60CPS | D96: 1 | E96: 2 | F96: 2 | G96: 14.986667 | H96: nenhum distribuidor cotou
A97: 657981 | B97: 7898638348785 | C97: Q+VITTA CALCIO MDK 500MG 60CAPS | D97: 1 | E97: 1 | F97: 1 | G97: 21.191667 | H97: nenhum distribuidor cotou
A98: 45 | B98: 7896004790640 | C98: SABONETE LIQUIDO DERMACYD FEMINA FLORAL 200 ML | D98: 1 | E98: 1 | F98: 1 | H98: nenhum distribuidor cotou
A99: 318461 | B99: 7896227800799 | C99: SALONPAS 36,0MG+33,0MG+7,1MG CX 4 UNID. ADES TAM PEQ | D99: 1 | E99: 18 | F99: 18 | G99: 3.075 | H99: sem estoque na Nazária
A100: 671301 | B100: 7898652375736 | C100: SERINGA 20ML LL AGULHA 0,7X25 | D100: 1 | E100: 18 | F100: 18 | G100: 0.59 | H100: nenhum distribuidor cotou
A101: 645561 | B101: 7897930761209 | C101: SOAPEX 1% SAB 80G-DEMAIS PROD | D101: 1 | E101: 1 | F101: 1 | G101: 35.09 | H101: nenhum distribuidor cotou
A102: 609041 | B102: 7897930750050 | C102: SOAPEX SAB CREMO 120ML | D102: 1 | E102: 1 | F102: 1 | G102: 38.78 | H102: nenhum distribuidor cotou
A103: 615421 | B103: 4005900889737 | C103: TONICO NIVEA AQUA ROSE 200ML | D103: 1 | E103: 1 | F103: 1 | G103: 25.87 | H103: nenhum distribuidor cotou
A104: 654341 | B104: 7891653014277 | C104: VAGISIL DEO INTIMO FLOR DE PESSEGUEIRO 75ML | D104: 1 | E104: 1 | F104: 1 | G104: 22.886667 | H104: nenhum distribuidor cotou
A105: 547861 | B105: 78900776 | C105: VALDA CLASSIC LATA PASTILHAS 50G | D105: 10 | E105: 1 | F105: 10 | G105: 15.674 | H105: nenhum distribuidor cotou
A106: 543061 | C106: VALDA FRIENDS PASTILHA SACHE 25G | D106: 10 | E106: 1 | F106: 10 | G106: 5.734 | H106: nenhum distribuidor cotou
A107: 615331 | B107: 4005808881512 | C107: VENCIDO - GEL NIVEA ANTI-CELULIT BYEBYE CEL 201ML | D107: 1 | E107: 1 | F107: 1 | G107: 38.975 | H107: nenhum distribuidor cotou
A108: 612521 | B108: 7891317011390 | C108: VENCIDO - NAIRE 20MG CX 15 COMP | D108: 1 | E108: 1 | F108: 1 | G108: 51.49 | H108: nenhum distribuidor cotou
A109: 319361 | B109: 7891045008440 | C109: VENCIDO - NORDETTE 0,15+0,03MG CARTELA C/21 | D109: 1 | E109: 1 | F109: 1 | G109: 8.62 | H109: sem estoque no ePan
A110: 993 | B110: 75075644 | C110: VICK BABY RUB 12G LATA | D110: 6 | E110: 8 | F110: 48 | G110: 13.1538 | H110: nenhum distribuidor cotou
A111: 600581 | B111: 7501001246730 | C111: VICK LATINHA 12G | D111: 24 | E111: 6 | F111: 144 | G111: 11.9136 | H111: nenhum distribuidor cotou
A112: 395921 | B112: 78911246 | C112: VICK PYRENA 500MG CHA MEL E LIMAO 5G - CAIXA | D112: 50 | E112: 4 | F112: 200 | G112: 2.769 | H112: nenhum distribuidor cotou
A113: 542821 | B113: 789112444 | C113: VICK VAPORUB 30G POTE | D113: 1 | E113: 4 | F113: 4 | G113: 28.35 | H113: nenhum distribuidor cotou
